filename,label
000001.png,HTPES
000002.png,QOXEH
000003.png,ZQQCD
000004.png,BSBPK
000005.png,TLNFA
000006.png,IXBWQ
000007.png,YFQCK
000008.png,CFRWJ
000009.png,HLEQY
000010.png,XBGDY
000011.png,RJHWV
000012.png,JPOCF
000013.png,ALSBY
000014.png,CJTPR
000015.png,DBJIZ
000016.png,QMROD
000017.png,KYPFR
000018.png,HENTL
000019.png,CYCQG
000020.png,LHEVO
000021.png,BNKJK
000022.png,BERQT
000023.png,SNYEN
000024.png,QQFET
000025.png,PYRAB
000026.png,PQIXU
000027.png,CTBHO
000028.png,PBBFH
000029.png,UTJSG
000030.png,RTTDW
000031.png,YPELQ
000032.png,PHLSO
000033.png,YXOSJ
000034.png,FNUTW
000035.png,ENPTZ
000036.png,ACKYP
000037.png,XSFOR
000038.png,JHHAJ
000039.png,NZUDT
000040.png,FHVHT
000041.png,KTAPJ
000042.png,MOZJB
000043.png,CPPJY
000044.png,SJNIX
000045.png,ZPPYM
000046.png,JGZME
000047.png,OGSPU
000048.png,ZFMZI
000049.png,XQLQP
000050.png,SAAVJ
000051.png,DWXNW
000052.png,HCZJV
000053.png,EVOAR
000054.png,NOMQI
000055.png,CZOQF
000056.png,DKBKF
000057.png,IJAGT
000058.png,RUKDF
000059.png,XJIFE
000060.png,JXTYG
000061.png,QIWBS
000062.png,IPYIJ
000063.png,SVLEL
000064.png,SKYHH
000065.png,GHSBN
000066.png,YKYLO
000067.png,IMRTW
000068.png,GTVSY
000069.png,AZIPT
000070.png,JSTME
000071.png,ODFFZ
000072.png,KZVWX
000073.png,RDFOZ
000074.png,JHDUQ
000075.png,ATGPC
000076.png,YGHAI
000077.png,VVIUT
000078.png,SHBIU
000079.png,KVBHR
000080.png,YZGCT
000081.png,USHHE
000082.png,TCMLF
000083.png,KGPIV
000084.png,FNCDA
000085.png,RYQDK
000086.png,QENQP
000087.png,KWLKI
000088.png,JESVJ
000089.png,AWYJE
000090.png,DMLTQ
000091.png,QRAHB
000092.png,ODYHF
000093.png,HZRHC
000094.png,VXJBV
000095.png,NXHOC
000096.png,SCEEC
000097.png,NJAYG
000098.png,HCEUP
000099.png,ZQCKR
000100.png,XNMCH
000101.png,SGSUR
000102.png,CEWJR
000103.png,RWNWV
000104.png,MTKNH
000105.png,DERFX
000106.png,HCWNL
000107.png,DAEKA
000108.png,DFYVM
000109.png,KRZQQ
000110.png,PTFTT
000111.png,UKNVG
000112.png,CUMFG
000113.png,MJATN
000114.png,XJDHM
000115.png,DEXHC
000116.png,CQXLH
000117.png,HNFRH
000118.png,OCFHU
000119.png,RJKVL
000120.png,YOLWJ
000121.png,KVHOH
000122.png,BYWDD
000123.png,CZVPX
000124.png,BATLY
000125.png,EEGZD
000126.png,IIGRL
000127.png,RGKPB
000128.png,CWHVT
000129.png,NBLOF
000130.png,YBIJA
000131.png,EXUHW
000132.png,KZJNY
000133.png,EICKK
000134.png,SHVVO
000135.png,BBAOE
000136.png,GASIQ
000137.png,IWSHA
000138.png,RRQTT
000139.png,KPFJC
000140.png,FSBRT
000141.png,MDRSN
000142.png,HREJG
000143.png,ZJVGL
000144.png,VAOKI
000145.png,FNLVU
000146.png,CIJIY
000147.png,DSIKT
000148.png,YFCOQ
000149.png,MHFIW
000150.png,RIZDV
000151.png,UTXKZ
000152.png,EZODF
000153.png,GYVRR
000154.png,LREVK
000155.png,FPRBF
000156.png,YIUSF
000157.png,LAQVH
000158.png,HASPW
000159.png,FMPUD
000160.png,HKMHG
000161.png,TEPLU
000162.png,BOUUZ
000163.png,YESQZ
000164.png,OGVKQ
000165.png,AQTCT
000166.png,KZLAT
000167.png,VHEON
000168.png,NUXPM
000169.png,CSERM
000170.png,VHPHD
000171.png,LBAYL
000172.png,PWRMJ
000173.png,LQXZI
000174.png,JMDAB
000175.png,HMNFE
000176.png,GTOGX
000177.png,PVLEX
000178.png,YHBON
000179.png,QHAZP
000180.png,RMFUF
000181.png,PEJHB
000182.png,ZLNHD
000183.png,DMHTH
000184.png,ILUEV
000185.png,XFEFA
000186.png,HUHXX
000187.png,DJKSY
000188.png,FALJU
000189.png,TDVIE
000190.png,OGNUL
000191.png,OJCET
000192.png,VGYYP
000193.png,LMCVZ
000194.png,GJTJO
000195.png,FXMUH
000196.png,YFADR
000197.png,EHYCE
000198.png,BBBGV
000199.png,VNZLD
000200.png,TZJST
000201.png,CZPAB
000202.png,TVCIA
000203.png,JFFBU
000204.png,VGQGT
000205.png,ARIGN
000206.png,GGWNV
000207.png,VQXSE
000208.png,JZFDR
000209.png,KVPHP
000210.png,FDSVG
000211.png,NYTFO
000212.png,AZFAO
000213.png,CDVKG
000214.png,QQNHH
000215.png,DHQMU
000216.png,SFURQ
000217.png,FINLS
000218.png,NQRGY
000219.png,DNEKX
000220.png,OBXOC
000221.png,HYUPJ
000222.png,ZSQRR
000223.png,TSPHP
000224.png,XAIRP
000225.png,TFQTK
000226.png,IYHNN
000227.png,MMGKV
000228.png,XGHCE
000229.png,KVOPH
000230.png,RJGAL
000231.png,IIXWA
000232.png,JAHXT
000233.png,ANASM
000234.png,NSXCP
000235.png,ZVAPR
000236.png,PYIBA
000237.png,LISYG
000238.png,ZEZGT
000239.png,EWANJ
000240.png,HEBFH
000241.png,ISZPP
000242.png,UUYCL
000243.png,JPFII
000244.png,OLPDT
000245.png,JCKPA
000246.png,LDBPV
000247.png,BRCCT
000248.png,BBBTF
000249.png,BUFUE
000250.png,ONLTR
000251.png,QWHQG
000252.png,JXESU
000253.png,HGKCV
000254.png,LYIRH
000255.png,IWUNT
000256.png,SDURU
000257.png,YFUOB
000258.png,UDPXY
000259.png,OKGTN
000260.png,THSUC
000261.png,ZUVQI
000262.png,LUOKV
000263.png,WKZYC
000264.png,XRFMV
000265.png,QLIZQ
000266.png,NFPPP
000267.png,KXAKD
000268.png,XLCHG
000269.png,NFDIV
000270.png,YZMXX
000271.png,RQKON
000272.png,EPEQZ
000273.png,SLKMR
000274.png,BHPDK
000275.png,QILSN
000276.png,LHPBJ
000277.png,AGIEX
000278.png,ZKYDL
000279.png,BKCYO
000280.png,JWSTI
000281.png,ZVWGP
000282.png,NBERB
000283.png,EUYET
000284.png,HQSHR
000285.png,QQXWZ
000286.png,MHBZR
000287.png,TKTZA
000288.png,DEHAI
000289.png,GTCAY
000290.png,DYHOG
000291.png,BHDCF
000292.png,CBRFV
000293.png,SXHFF
000294.png,LYUDN
000295.png,TPWQB
000296.png,YWFLN
000297.png,ZVIRD
000298.png,JCAZH
000299.png,HIOKS
000300.png,SSWLF
000301.png,WLKZC
000302.png,LNTMT
000303.png,JSUBH
000304.png,OJOOJ
000305.png,IZLZR
000306.png,ZHFTL
000307.png,VGKAO
000308.png,NDCNS
000309.png,ZXLWF
000310.png,EOYOM
000311.png,OQZCJ
000312.png,CHFXS
000313.png,CWXON
000314.png,DPIQK
000315.png,VJZQV
000316.png,ZIKCF
000317.png,TRICB
000318.png,VLJFJ
000319.png,HCTGH
000320.png,IZMLI
000321.png,YLRSD
000322.png,YWIPG
000323.png,YQIIC
000324.png,XESBB
000325.png,GENGL
000326.png,LGTDW
000327.png,HFIPP
000328.png,SKDHP
000329.png,MLRAK
000330.png,ULORO
000331.png,LXJIF
000332.png,OFOYN
000333.png,TJZHC
000334.png,ZJXHH
000335.png,GCCJL
000336.png,LDZQL
000337.png,AAIIR
000338.png,CEVPC
000339.png,MMHTP
000340.png,KAEBT
000341.png,ZKEZI
000342.png,JJEPY
000343.png,JREPV
000344.png,TGTCZ
000345.png,GQEUK
000346.png,RYRGZ
000347.png,KRRBW
000348.png,BEUMC
000349.png,ESGQP
000350.png,JBMQI
000351.png,JQVTP
000352.png,VCOCS
000353.png,PJVDX
000354.png,RNZST
000355.png,ZYXXS
000356.png,HXBHW
000357.png,CANBX
000358.png,YFTZV
000359.png,OXDOL
000360.png,PBQJH
000361.png,GXUTS
000362.png,SHVCT
000363.png,XNJOV
000364.png,KNOBN
000365.png,XSOLR
000366.png,LHTRS
000367.png,ZOHHC
000368.png,GNWTD
000369.png,WFENG
000370.png,HWGZT
000371.png,IZAIY
000372.png,XNXFE
000373.png,RDUEW
000374.png,DRECY
000375.png,ECRCC
000376.png,OOIAE
000377.png,DTOIK
000378.png,OXXCI
000379.png,ACLWC
000380.png,VNPCP
000381.png,TIACK
000382.png,IGCAR
000383.png,EFPQF
000384.png,RSIMX
000385.png,CHVZC
000386.png,CCYQY
000387.png,EIPHZ
000388.png,TVXUZ
000389.png,XPBOH
000390.png,CVODM
000391.png,QMINO
000392.png,GEKEG
000393.png,LSHVO
000394.png,PZLOA
000395.png,KCEOX
000396.png,SPNWS
000397.png,QSXLB
000398.png,IEHHJ
000399.png,FVIYW
000400.png,ZYKBS
000401.png,ZEQHF
000402.png,HAPXN
000403.png,BUGSO
000404.png,VDMHT
000405.png,BIBRR
000406.png,VEGEH
000407.png,TVYUT
000408.png,JNQPG
000409.png,XUUDT
000410.png,ABGPP
000411.png,FQTHS
000412.png,LEEMN
000413.png,HFBUQ
000414.png,IBYBF
000415.png,SNKSO
000416.png,ZAJWM
000417.png,TTVAJ
000418.png,IUUDX
000419.png,EPAIF
000420.png,MCLLW
000421.png,CRATO
000422.png,TSUKO
000423.png,ZHENI
000424.png,ITVKG
000425.png,MZHKX
000426.png,GJCHX
000427.png,JMXID
000428.png,DQADA
000429.png,MECCP
000430.png,WSWOR
000431.png,JDUGL
000432.png,UDLPA
000433.png,HLZUH
000434.png,BKVRH
000435.png,LYQGR
000436.png,BHGVP
000437.png,RTTSV
000438.png,LGNEF
000439.png,OPXFA
000440.png,HFNQB
000441.png,QKWYO
000442.png,LTWSO
000443.png,DYXTK
000444.png,ITVHL
000445.png,WYHLN
000446.png,HOVSQ
000447.png,HTLCV
000448.png,QIKXB
000449.png,DMNZM
000450.png,FKGEE
000451.png,RHSDA
000452.png,WSLLH
000453.png,PKZPP
000454.png,WDHCP
000455.png,PDXCX
000456.png,NKIXA
000457.png,XTHEK
000458.png,AORGL
000459.png,XLBBF
000460.png,ZPHFL
000461.png,BDAPR
000462.png,IIDKU
000463.png,CHHAG
000464.png,NSFXS
000465.png,EJOKX
000466.png,RVDOO
000467.png,HJHWY
000468.png,QOKZR
000469.png,UJBKI
000470.png,WPDET
000471.png,PJPCA
000472.png,OCQDT
000473.png,UAYXH
000474.png,SOHYR
000475.png,ZGTTR
000476.png,ZSNXD
000477.png,HYNWL
000478.png,ZPDSB
000479.png,OQVHS
000480.png,MRWOB
000481.png,QFOQB
000482.png,PHGHC
000483.png,HXPHD
000484.png,XGZTP
000485.png,OQYRI
000486.png,YFYSQ
000487.png,NHGBQ
000488.png,OVIJY
000489.png,TDVLA
000490.png,XRMFS
000491.png,XQDDL
000492.png,SPILT
000493.png,FDHRO
000494.png,FTDFP
000495.png,ZGVYT
000496.png,FDNCX
000497.png,XPGQY
000498.png,WCTEM
000499.png,UDXVV
000500.png,PJDAY
000501.png,TRZDA
000502.png,UDMGR
000503.png,ILAKX
000504.png,PNAPM
000505.png,HWPSD
000506.png,GJQNP
000507.png,KRQXK
000508.png,QIANP
000509.png,SXHBQ
000510.png,FBVYR
000511.png,RBHBY
000512.png,NSSMD
000513.png,GAXLB
000514.png,NNSLS
000515.png,THKXD
000516.png,AKOBF
000517.png,AMOTC
000518.png,CCCAL
000519.png,DDWNE
000520.png,SUHVF
000521.png,XXTMV
000522.png,PNXTE
000523.png,HRGEU
000524.png,JROHN
000525.png,EQVLB
000526.png,DFOVD
000527.png,LHBOL
000528.png,OTXWP
000529.png,EVNEI
000530.png,XRBEO
000531.png,IKPZF
000532.png,QEJIS
000533.png,WGBWX
000534.png,ZQLIS
000535.png,XRBJY
000536.png,NPCAP
000537.png,LZOGI
000538.png,XERSB
000539.png,DUIVH
000540.png,ARORQ
000541.png,VQSUU
000542.png,KZXPS
000543.png,CNETK
000544.png,GIMDC
000545.png,TGFIP
000546.png,VDGQM
000547.png,DKALP
000548.png,IKHCT
000549.png,NLHUG
000550.png,NACCB
000551.png,DICSM
000552.png,UGCYK
000553.png,JIQFA
000554.png,EQFPR
000555.png,KXZGT
000556.png,INJHQ
000557.png,JTQVC
000558.png,JOTHS
000559.png,SNIVT
000560.png,LTDGQ
000561.png,OJUEC
000562.png,VGUGA
000563.png,JJHBB
000564.png,EJAEQ
000565.png,UHRDD
000566.png,HEPAL
000567.png,FRGJL
000568.png,LNZSJ
000569.png,GIGSP
000570.png,GXKRT
000571.png,QVHNL
000572.png,EEHQB
000573.png,XLYSV
000574.png,RMOWN
000575.png,OBCFL
000576.png,FCGPD
000577.png,TAAUD
000578.png,GPNSK
000579.png,BRFND
000580.png,VQBXM
000581.png,CFHKV
000582.png,LWZTO
000583.png,RPJXH
000584.png,CAEYA
000585.png,NVUHA
000586.png,HGJJE
000587.png,MMRBR
000588.png,WMPTE
000589.png,YLLIT
000590.png,JFLHF
000591.png,UOQUO
000592.png,OBEYP
000593.png,ZZEJT
000594.png,DMZTO
000595.png,TZELH
000596.png,KEKHR
000597.png,ZPQKU
000598.png,WTQHR
000599.png,KLQCU
000600.png,CTQGB
000601.png,IWZWD
000602.png,RQNDK
000603.png,QBOGQ
000604.png,KBSIF
000605.png,DGFMC
000606.png,BTVRQ
000607.png,KIDZU
000608.png,TRUTA
000609.png,RLXOO
000610.png,QQPHY
000611.png,VQTIG
000612.png,SFGOX
000613.png,HLJKB
000614.png,HRGEH
000615.png,OSREM
000616.png,SLMOI
000617.png,LMSVP
000618.png,ISTJK
000619.png,TZIGN
000620.png,YAUDF
000621.png,GHRKT
000622.png,FQESH
000623.png,GRIXY
000624.png,YZJVF
000625.png,FIHOI
000626.png,KWCDC
000627.png,HEBJY
000628.png,UKRJP
000629.png,RWNHC
000630.png,TDBZQ
000631.png,ARDIG
000632.png,LOFBU
000633.png,RHHPZ
000634.png,HPMOK
000635.png,BENTP
000636.png,RJJMI
000637.png,JNQHT
000638.png,KQTBS
000639.png,ZGHCD
000640.png,NLMNL
000641.png,VKFHD
000642.png,RZUKG
000643.png,HHXBL
000644.png,OABAX
000645.png,PKNKC
000646.png,IHVGO
000647.png,DRKDT
000648.png,BUPHP
000649.png,KJRNZ
000650.png,QBIXS
000651.png,XGBZC
000652.png,TPHTL
000653.png,QUTCJ
000654.png,GIIHY
000655.png,IYUWR
000656.png,HEGZF
000657.png,IEYDI
000658.png,HNSGQ
000659.png,GOPDV
000660.png,UEVHS
000661.png,YSTEF
000662.png,FLNBU
000663.png,OLJAH
000664.png,VHEDH
000665.png,GOHNG
000666.png,HWOST
000667.png,AUVDZ
000668.png,FJCGJ
000669.png,PIYJZ
000670.png,BCAXM
000671.png,GSQFA
000672.png,HHLNM
000673.png,ZALHU
000674.png,QWAGI
000675.png,MHCSU
000676.png,OIUPE
000677.png,RNNUU
000678.png,BYBVM
000679.png,ENKGI
000680.png,MHYGY
000681.png,XPDFB
000682.png,WOWHX
000683.png,AXHOD
000684.png,EXGBL
000685.png,XLABA
000686.png,ZBROX
000687.png,ADCRA
000688.png,AVEUY
000689.png,JJPRX
000690.png,OANQY
000691.png,CSKUH
000692.png,LATWX
000693.png,RJGCL
000694.png,YIRDF
000695.png,ICUFD
000696.png,NTKLO
000697.png,GAYHJ
000698.png,GQHKB
000699.png,QGHHZ
000700.png,XBDQA
000701.png,DLYIJ
000702.png,BJQTQ
000703.png,VKPUS
000704.png,CADTT
000705.png,HVCGG
000706.png,KDPMV
000707.png,TAYZG
000708.png,YASTE
000709.png,UXYFG
000710.png,SHJTD
000711.png,ESMBG
000712.png,KYTXR
000713.png,AIASG
000714.png,ZOTWV
000715.png,WMXTF
000716.png,BFRHJ
000717.png,VHYZG
000718.png,OCARP
000719.png,LNNHP
000720.png,GUGGZ
000721.png,RPPCV
000722.png,CWWQP
000723.png,BQCOG
000724.png,LRNHR
000725.png,LAXXG
000726.png,UAZRU
000727.png,LPIHD
000728.png,TAEVK
000729.png,NZUCQ
000730.png,UQWVA
000731.png,YKRGL
000732.png,UNHUR
000733.png,VHDNH
000734.png,TGRBA
000735.png,HLVIR
000736.png,FJXDF
000737.png,GJDPT
000738.png,TANXH
000739.png,UUVRE
000740.png,VFGZE
000741.png,CWXIJ
000742.png,CVNNW
000743.png,BXOCP
000744.png,VZLCJ
000745.png,JHXZU
000746.png,TZFOD
000747.png,GDHSX
000748.png,FJVEO
000749.png,LHLOO
000750.png,GPKNO
000751.png,DHELM
000752.png,GUODP
000753.png,SOYKO
000754.png,LPVYA
000755.png,CLWDI
000756.png,JAEXM
000757.png,SBHTQ
000758.png,OQQHL
000759.png,XPJFH
000760.png,EJKKH
000761.png,WCPSD
000762.png,FMUPJ
000763.png,MKYOP
000764.png,PBXSI
000765.png,GZRXS
000766.png,TZGAG
000767.png,YZGTO
000768.png,WNBWC
000769.png,YUFGN
000770.png,BMJAA
000771.png,DCJIQ
000772.png,ALTEY
000773.png,YRATD
000774.png,QVILN
000775.png,UZZVQ
000776.png,XEEHR
000777.png,NRGNO
000778.png,NHFRF
000779.png,BFZXE
000780.png,CGZFU
000781.png,CESKV
000782.png,ARTPE
000783.png,QEZHR
000784.png,EKLCD
000785.png,UMKKR
000786.png,HMXJF
000787.png,OBGQL
000788.png,KGRJX
000789.png,GONRH
000790.png,OJZMJ
000791.png,MKRXS
000792.png,IWHDU
000793.png,ERQWH
000794.png,JVRJQ
000795.png,HIADP
000796.png,HQVXS
000797.png,PLZDO
000798.png,NIJGW
000799.png,HSAMO
000800.png,PGLKV
000801.png,HAKRC
000802.png,EMHYR
000803.png,QEYOI
000804.png,ZPMHU
000805.png,NLMAH
000806.png,SRUAI
000807.png,AZRUC
000808.png,LGODC
000809.png,NPERA
000810.png,AJUIS
000811.png,WEGHL
000812.png,SLGPY
000813.png,SGEXN
000814.png,SCERS
000815.png,VSLFA
000816.png,ZANHY
000817.png,YCHPC
000818.png,SLSVL
000819.png,EPXXO
000820.png,ZJNXF
000821.png,QZVQL
000822.png,PWQFF
000823.png,SXFIA
000824.png,CPAVP
000825.png,LESOK
000826.png,BJCZC
000827.png,STLRH
000828.png,HHNBO
000829.png,ZHCFG
000830.png,UAFYU
000831.png,NWYLV
000832.png,TZEGV
000833.png,FQDSH
000834.png,ZXOPK
000835.png,OSCLO
000836.png,FLLJQ
000837.png,TCCAO
000838.png,QJLGC
000839.png,JLOZX
000840.png,JEBBV
000841.png,DAUHS
000842.png,CISMZ
000843.png,PHFRG
000844.png,WGHTA
000845.png,RUCGR
000846.png,CHTSC
000847.png,LZPDZ
000848.png,YTVHZ
000849.png,JVBNR
000850.png,GMHBY
000851.png,MAPEN
000852.png,TGXIO
000853.png,QUUSO
000854.png,EKTFI
000855.png,QOPHT
000856.png,QALGI
000857.png,HJMLN
000858.png,PFLTY
000859.png,VCMEI
000860.png,EOKBG
000861.png,GITFU
000862.png,GNKBN
000863.png,EFCRK
000864.png,CZEVY
000865.png,AICGR
000866.png,WJHHE
000867.png,GFFDD
000868.png,MRPPZ
000869.png,XXKHF
000870.png,KDDTR
000871.png,DNHVU
000872.png,DOSAR
000873.png,AKFTQ
000874.png,PXHGY
000875.png,HYDJO
000876.png,YHDTN
000877.png,FGPQD
000878.png,TIEHQ
000879.png,RSPHF
000880.png,HJOFV
000881.png,OHOXY
000882.png,PHLIC
000883.png,RNUDX
000884.png,BEHPB
000885.png,UYIXJ
000886.png,JRFGN
000887.png,HYIGE
000888.png,ILAXW
000889.png,QAXDF
000890.png,RDTYI
000891.png,XDHLL
000892.png,CJLAY
000893.png,GCEWH
000894.png,FZFRG
000895.png,FSZDL
000896.png,NDZXR
000897.png,HXDVP
000898.png,BRJHO
000899.png,OVKTU
000900.png,NHGGR
000901.png,FKOUL
000902.png,DKRSH
000903.png,ZFERV
000904.png,HTDAK
000905.png,OTHRT
000906.png,RXVTT
000907.png,HBFSV
000908.png,WZTEO
000909.png,IAYBJ
000910.png,AQOAI
000911.png,NCBZM
000912.png,YCYEL
000913.png,FBVZJ
000914.png,CZLDE
000915.png,PSKPO
000916.png,GOUXV
000917.png,KLQNQ
000918.png,HNTCC
000919.png,OEFLT
000920.png,MQNZK
000921.png,HULEF
000922.png,SGZHD
000923.png,IQTKY
000924.png,BPYHY
000925.png,WRFUG
000926.png,MQZRN
000927.png,OPLBA
000928.png,SWUVP
000929.png,YMQIU
000930.png,NBOBJ
000931.png,VCZIU
000932.png,NWJYB
000933.png,BVWZQ
000934.png,ANUGX
000935.png,VMWDI
000936.png,RDBYV
000937.png,SHRJX
000938.png,YUYUB
000939.png,ODIGR
000940.png,LVWVQ
000941.png,KRKMB
000942.png,CNREW
000943.png,SRNSE
000944.png,UOQRA
000945.png,HEGKL
000946.png,LAVAW
000947.png,KHAIH
000948.png,ZAPFW
000949.png,TYGVR
000950.png,PADEE
000951.png,LDXOH
000952.png,DFDSD
000953.png,QMJVN
000954.png,ECIYC
000955.png,PMHCP
000956.png,IIRGC
000957.png,FQXVW
000958.png,VJAVO
000959.png,YDXXK
000960.png,XSRND
000961.png,VHAEI
000962.png,OYCGQ
000963.png,CTVBO
000964.png,LHSYI
000965.png,UWORI
000966.png,UBPZJ
000967.png,HZCZV
000968.png,GIGXV
000969.png,OGYIA
000970.png,THSJJ
000971.png,FNZMN
000972.png,RDCSO
000973.png,ITDIY
000974.png,DCRDF
000975.png,RADJU
000976.png,HNUJN
000977.png,TKHPK
000978.png,XLVGR
000979.png,FZNEL
000980.png,TAIHD
000981.png,WEIZO
000982.png,GFYAX
000983.png,QGLEA
000984.png,VMZEQ
000985.png,DCOKX
000986.png,IRUHO
000987.png,PPIOX
000988.png,HVIXZ
000989.png,SZSTU
000990.png,PQLNP
000991.png,HQYUP
000992.png,RDHBS
000993.png,ZGBPV
000994.png,WTMQW
000995.png,PNTJM
000996.png,HPPWI
000997.png,DIDDU
000998.png,THJRS
000999.png,JZZHB
001000.png,XTTAK
001001.png,KHFPU
001002.png,HSVKH
001003.png,AJCVH
001004.png,KQRFW